queue,mode,repeat,events,capacity,burst,period_ns,seconds,events_per_second,full_retries,scheduled_p50_ns,scheduled_p99_ns,scheduled_p999_ns,scheduled_max_ns,attempt_p50_ns,attempt_p99_ns,attempt_p999_ns,attempt_max_ns,service_p50_ns,service_p99_ns,service_p999_ns,service_max_ns
spsc,throughput,1,100000,256,0,0,0.007004048,14277457.8,19017,0,0,0,0,0,0,0,0,0,0,0,0
mutex,throughput,1,100000,256,0,0,0.02999634,3333740.05,25725,0,0,0,0,0,0,0,0,0,0,0,0
mutex,throughput,2,100000,256,0,0,0.028854313,3465686.39,15360,0,0,0,0,0,0,0,0,0,0,0,0
spsc,throughput,2,100000,256,0,0,0.007729821,12936910.2,20267,0,0,0,0,0,0,0,0,0,0,0,0
spsc,throughput,3,100000,256,0,0,0.006664094,15005790.7,19788,0,0,0,0,0,0,0,0,0,0,0,0
mutex,throughput,3,100000,256,0,0,0.029769302,3359165.09,17585,0,0,0,0,0,0,0,0,0,0,0,0
mutex,throughput,4,100000,256,0,0,0.026926272,3713844.98,15729,0,0,0,0,0,0,0,0,0,0,0,0
spsc,throughput,4,100000,256,0,0,0.008467112,11810402.4,18351,0,0,0,0,0,0,0,0,0,0,0,0
spsc,throughput,5,100000,256,0,0,0.007787063,12841812.1,21991,0,0,0,0,0,0,0,0,0,0,0,0
mutex,throughput,5,100000,256,0,0,0.029551786,3383890.23,19169,0,0,0,0,0,0,0,0,0,0,0,0
spsc,latency,1,100000,256,32,100000,0.312404496,320097.826,473,3380,1331002,3971649,4253651,1689,72981,298202,534460,65,420,1903,120175
mutex,latency,1,100000,256,32,100000,0.31287868,319612.701,2452,7314,525395,1030766,1264250,2882,224197,995611,1262450,80,477,2230,166232
mutex,latency,2,100000,256,32,100000,0.312409197,320093.009,0,7047,151798,519971,693719,2640,54237,144788,224627,78,374,1824,54387
spsc,latency,2,100000,256,32,100000,0.312404147,320098.184,129,3466,162485,720670,987101,1760,98829,718985,985468,65,428,2284,148931
spsc,latency,3,100000,256,32,100000,0.312402964,320099.396,6215,3336,1091484,2277033,2568457,1626,113942,1299732,1493601,62,347,1742,208272
mutex,latency,3,100000,256,32,100000,0.312404598,320097.721,0,6855,71155,158079,167466,2606,28656,104628,160841,76,314,1204,127236
mutex,latency,4,100000,256,32,100000,0.312415322,320086.734,1202,6803,1352148,3698778,3982357,2448,95520,216719,224270,68,274,1129,81891
spsc,latency,4,100000,256,32,100000,0.312403967,320098.368,0,3050,70054,126652,172476,1471,22056,97162,127638,58,269,1008,45872
spsc,latency,5,100000,256,32,100000,0.312403821,320098.518,0,3075,46542,98924,146293,1484,29334,92487,113437,58,282,1020,70884
mutex,latency,5,100000,256,32,100000,0.31240939,320092.812,0,6609,70095,264870,464058,2351,42190,111495,141080,71,279,1543,47417
spsc,latency,1,100000,256,256,100000,0.039019151,2562844.08,160,17779,77558,136665,174397,7336,46783,68211,121432,56,130,351,113381
mutex,latency,1,100000,256,256,100000,0.039036275,2561719.84,129,49872,93796,164376,172913,16523,47151,68445,100657,62,159,370,45116
mutex,latency,2,100000,256,256,100000,0.039048966,2560887.27,7572,57570,422459,476677,492272,20762,155714,220491,225941,73,170,376,49976
spsc,latency,2,100000,256,256,100000,0.039019743,2562805.19,22,21676,77457,125314,142523,7773,32237,56914,79955,55,154,362,74654
spsc,latency,3,100000,256,256,100000,0.039019054,2562850.45,819,21537,94051,214562,231007,8141,65588,204061,207106,56,168,479,55595
mutex,latency,3,100000,256,256,100000,0.039036426,2561709.93,737,46894,164008,203180,217120,15499,101652,129620,177796,70,176,385,35666
mutex,latency,4,100000,256,256,100000,0.03963193,2523218.02,5672,49963,753536,792466,811580,18515,151908,265634,287710,72,201,453,40936
spsc,latency,4,100000,256,256,100000,0.039017643,2562943.13,0,20982,62319,85153,93711,7418,34769,78309,83031,54,155,383,25124
spsc,latency,5,100000,256,256,100000,0.039020349,2562765.39,0,20373,52753,87517,96621,7670,30569,49994,74691,52,145,331,34752
mutex,latency,5,100000,256,256,100000,0.069427691,1440347.48,8414,58016,31643691,31688285,31700031,20966,113258,174163,31598308,75,178,421,61641
